{"cameraMode":{"drawMode":0,"name":"Shaded","section":"Shading Mode"},"sceneLighting":true,"audioPlay":false,"sceneViewState":{"showFog":false,"showMaterialUpdate":false,"showSkybox":false,"showFlares":false,"showImageEffects":false,"showParticleSystems":false},"in2DMode":false,"pivot":{"x":89.21975708007813,"y":40.02220916748047,"z":2.7628707885742189},"rotation":{"x":-0.2502844035625458,"y":-0.0777442678809166,"z":0.020164988934993745,"w":-0.9648420214653015},"size":92.83734130859375,"orthographic":false}