{"cameraMode":{"drawMode":0,"name":"Shaded","section":"Shading Mode"},"sceneLighting":true,"audioPlay":false,"sceneViewState":{"showFog":false,"showMaterialUpdate":false,"showSkybox":false,"showFlares":false,"showImageEffects":false,"showParticleSystems":false},"in2DMode":false,"pivot":{"x":14.87978458404541,"y":1.6998233795166016,"z":8.848030090332032},"rotation":{"x":-0.3368724286556244,"y":-0.2088182270526886,"z":0.07689005881547928,"w":-0.9148776531219482},"size":89.49195098876953,"orthographic":false}