{"cameraMode":{"drawMode":0,"name":"Shaded","section":"Shading Mode"},"sceneLighting":true,"audioPlay":false,"sceneViewState":{"showFog":false,"showMaterialUpdate":false,"showSkybox":false,"showFlares":false,"showImageEffects":false,"showParticleSystems":false},"in2DMode":false,"pivot":{"x":58.05569839477539,"y":26.44448471069336,"z":0.166653111577034},"rotation":{"x":-0.2502844035625458,"y":-0.0777442678809166,"z":0.020164988934993745,"w":-0.9648420214653015},"size":65.89344024658203,"orthographic":false}